map_name,text,script
Agatha,,AgathaText1
Agatha,AgathaDontRunAwayText,
BikeShop,,BikeShopText1
BikeShop,BikeShopText_1d843,
BikeShop,,BikeShopText3
BillsHouse,,BillsHouseText1
BillsHouse,,BillsHouseText2
BillsHouse,BillsHouseText_1e8da,
BillsHouse,,OpenBillsPc
BluesHouse,,BluesHouseText1
BluesHouse,BluesHouseText2,
BluesHouse,BluesHouseText3,
Bruno,,BrunoText1
Bruno,BrunoDontRunAwayText,
CeladonCity,CeladonCityText1,
CeladonCity,CeladonCityText2,
CeladonCity,CeladonCityText3,
CeladonCity,CeladonCityText4,
CeladonCity,,CeladonCityText5
CeladonCity,CeladonCityText6,
CeladonCity,CeladonCityText7,
CeladonCity,CeladonCityText8,
CeladonCity,CeladonCityText9,
CeladonCity,CeladonCityText10,
CeladonCity,CeladonCityText11,
CeladonCity,PokeCenterSignText,
CeladonCity,CeladonCityText13,
CeladonCity,CeladonCityText14,
CeladonCity,CeladonCityText15,
CeladonCity,CeladonCityText16,
CeladonCity,CeladonCityText17,
CeladonCity,CeladonCityText18,
CeladonDiner,CeladonDinerText1,
CeladonDiner,CeladonDinerText2,
CeladonDiner,CeladonDinerText3,
CeladonDiner,CeladonDinerText4,
CeladonDiner,,CeladonDinerText5
CeladonGameCorner,CeladonGameCornerText1,
CeladonGameCorner,,CeladonGameCornerText2
CeladonGameCorner,CeladonGameCornerText3,
CeladonGameCorner,CeladonGameCornerText4,
CeladonGameCorner,,CeladonGameCornerText5
CeladonGameCorner,CeladonGameCornerText6,
CeladonGameCorner,,CeladonGameCornerText7
CeladonGameCorner,CeladonGameCornerText8,
CeladonGameCorner,,CeladonGameCornerText9
CeladonGameCorner,,CeladonGameCornerText10
CeladonGameCorner,,CeladonGameCornerText11
CeladonGameCorner,,CeladonGameCornerText12
CeladonGameCorner,CeladonGameCornerText13,
CeladonGym,,CeladonGymText1
CeladonGym,,CeladonGymText2
CeladonGym,,CeladonGymText3
CeladonGym,,CeladonGymText4
CeladonGym,,CeladonGymText5
CeladonGym,CeladonGymText6,
CeladonGym,CeladonGymText7,
CeladonGym,,CeladonGymText8
CeladonGym,CeladonGymText9,
CeladonGym,,TM21Text
CeladonGym,TM21NoRoomText,
CeladonHotel,CeladonHotelText1,
CeladonHotel,CeladonHotelText2,
CeladonHotel,CeladonHotelText3,
CeladonHouse,CeladonHouseText1,
CeladonHouse,CeladonHouseText2,
CeladonHouse,CeladonHouseText3,
CeladonMansion1,CeladonMansion1Text1,
CeladonMansion1,CeladonMansion1Text2,
CeladonMansion1,CeladonMansion1Text3,
CeladonMansion1,CeladonMansion1Text4,
CeladonMansion1,CeladonMansion1Text5,
CeladonMansion2,CeladonMansion2Text1,
CeladonMansion3,ProgrammerText,
CeladonMansion3,GraphicArtistText,
CeladonMansion3,WriterText,
CeladonMansion3,,DirectorText
CeladonMansion3,CeladonMansion3Text5,
CeladonMansion3,CeladonMansion3Text6,
CeladonMansion3,CeladonMansion3Text7,
CeladonMansion3,CeladonMansion3Text8,
CeladonMansion4,CeladonMansion4Text1,
CeladonMansion5,CeladonMansion5Text1,
CeladonMansion5,,CeladonMansion5Text2
CeladonMart1,CeladonMart1Text1,
CeladonMart1,CeladonMart1Text2,
CeladonMart1,CeladonMart1Text3,
CeladonMart2,,CeladonMart2Clerk1Text
CeladonMart2,,CeladonMart2Clerk2Text
CeladonMart2,CeladonMart2Text3,
CeladonMart2,CeladonMart2Text4,
CeladonMart2,CeladonMart2Text5,
CeladonMart3,,CeladonMart3Text1
CeladonMart3,CeladonMart3Text2,
CeladonMart3,CeladonMart3Text3,
CeladonMart3,CeladonMart3Text4,
CeladonMart3,CeladonMart3Text5,
CeladonMart3,CeladonMart3Text6,
CeladonMart3,CeladonMart3Text7,
CeladonMart3,CeladonMart3Text6,
CeladonMart3,CeladonMart3Text9,
CeladonMart3,CeladonMart3Text6,
CeladonMart3,CeladonMart3Text11,
CeladonMart3,CeladonMart3Text6,
CeladonMart3,CeladonMart3Text13,
CeladonMart3,CeladonMart3Text14,
CeladonMart3,CeladonMart3Text15,
CeladonMart3,CeladonMart3Text15,
CeladonMart3,CeladonMart3Text15,
CeladonMart4,,CeladonMart4ClerkText
CeladonMart4,CeladonMart4Text2,
CeladonMart4,CeladonMart4Text3,
CeladonMart4,CeladonMart4Text4,
CeladonMart5,CeladonMart5Text1,
CeladonMart5,CeladonMart5Text2,
CeladonMart5,,CeladonMart5Clerk1Text
CeladonMart5,,CeladonMart5Clerk2Text
CeladonMart5,CeladonMart5Text5,
CeladonMartElevator,,CeladonMartElevatorText1
CeladonMartRoof,CeladonMartRoofText1,
CeladonMartRoof,,CeladonMartRoofText2
CeladonMartRoof,,CeladonMartRoofText5
CeladonMartRoof,,CeladonMartRoofText5
CeladonMartRoof,,CeladonMartRoofText5
CeladonMartRoof,CeladonMartRoofText6,
CeladonPokecenter,CeladonHealNurseText,-------
CeladonPokecenter,CeladonPokecenterText2,
CeladonPokecenter,CeladonPokecenterText3,
CeladonPokecenter,CeladonTradeNurseText,
CeladonPrizeRoom,CeladonPrizeRoomText1,
CeladonPrizeRoom,CeladonPrizeRoomText2,
CeladonPrizeRoom,CeladonPrizeRoomText3,
CeladonPrizeRoom,CeladonPrizeRoomText3,
CeladonPrizeRoom,CeladonPrizeRoomText3,
CeruleanCity,CeruleanCityText1,
CeruleanCity,CeruleanCityText2,
CeruleanCity,CeruleanCityText3,
CeruleanCity,CeruleanCityText4,
CeruleanCity,CeruleanCityText5,
CeruleanCity,CeruleanCityText6,
CeruleanCity,CeruleanCityText7,
CeruleanCity,CeruleanCityText8,
CeruleanCity,CeruleanCityText9,
CeruleanCity,CeruleanCityText10,
CeruleanCity,CeruleanCityText11,
CeruleanCity,CeruleanCityText12,
CeruleanCity,CeruleanCityText13,
CeruleanCity,MartSignText,
CeruleanCity,PokeCenterSignText,
CeruleanCity,CeruleanCityText16,
CeruleanCity,CeruleanCityText17,
CeruleanGym,CeruleanGymText1,
CeruleanGym,CeruleanGymText2,
CeruleanGym,CeruleanGymText3,
CeruleanGym,CeruleanGymText4,
CeruleanGym,CeruleanGymText5,
CeruleanGym,CeruleanGymText6,
CeruleanGym,CeruleanGymText7,
CeruleanHouse1,CeruleanHouse1Text1,
CeruleanHouse1,CeruleanHouse1Text2,
CeruleanHouse2,CeruleanHouse2Text1,
CeruleanHouseTrashed,CeruleanHouseTrashedText1,
CeruleanHouseTrashed,CeruleanHouseTrashedText2,
CeruleanHouseTrashed,CeruleanHouseTrashedText3,
CeruleanMart,CeruleanCashierText,
CeruleanMart,CeruleanMartText2,
CeruleanMart,CeruleanMartText3,
CeruleanPokecenter,CeruleanHealNurseText,
CeruleanPokecenter,CeruleanPokecenterText2,
CeruleanPokecenter,CeruleanPokecenterText3,
CeruleanPokecenter,CeruleanTradeNurseText,
CinnabarGym,CinnabarGymText1,
CinnabarGym,CinnabarGymText2,
CinnabarGym,CinnabarGymText3,
CinnabarGym,CinnabarGymText4,
CinnabarGym,CinnabarGymText5,
CinnabarGym,CinnabarGymText6,
CinnabarGym,CinnabarGymText7,
CinnabarGym,CinnabarGymText8,
CinnabarGym,CinnabarGymText9,
CinnabarGym,BlaineBadgeText,
CinnabarGym,ReceivedTM38Text,
CinnabarGym,TM38NoRoomText,
CinnabarIsland,CinnabarIslandText1,
CinnabarIsland,CinnabarIslandText2,
CinnabarIsland,CinnabarIslandText3,
CinnabarIsland,MartSignText,
CinnabarIsland,PokeCenterSignText,
CinnabarIsland,CinnabarIslandText6,
CinnabarIsland,CinnabarIslandText7,
CinnabarIsland,CinnabarIslandText8,
CinnabarMart,CinnabarCashierText,
CinnabarMart,CinnabarMartText2,
CinnabarMart,CinnabarMartText3,
CinnabarPokecenter,CinnabarHealNurseText,
CinnabarPokecenter,CinnabarPokecenterText2,
CinnabarPokecenter,CinnabarPokecenterText3,
CinnabarPokecenter,CinnabarTradeNurseText,
Colosseum,ColosseumText1,
CopycatsHouse1F,CopycatsHouse1FText1,
CopycatsHouse1F,CopycatsHouse1FText2,
CopycatsHouse1F,CopycatsHouse1FText3,
CopycatsHouse2F,CopycatsHouse2FText1,
CopycatsHouse2F,CopycatsHouse2FText2,
CopycatsHouse2F,CopycatsHouse2FText3,
CopycatsHouse2F,CopycatsHouse2FText4,
CopycatsHouse2F,CopycatsHouse2FText5,
CopycatsHouse2F,CopycatsHouse2FText6,
CopycatsHouse2F,CopycatsHouse2FText7,
DayCareM,DayCareMText1,
DiglettsCaveEntranceRoute11,DiglettsCaveEntranceRoute11Text1,
DiglettsCaveRoute2,DiglettsCaveRoute2Text1,
FanClub,FanClubText1,
FanClub,FanClubText2,
FanClub,FanClubText3,
FanClub,FanClubText4,
FanClub,FanClubText5,
FanClub,FanClubText6,
FanClub,FanClubText7,
FanClub,FanClubText8,
FightingDojo,FightingDojoText1,
FightingDojo,FightingDojoText2,
FightingDojo,FightingDojoText3,
FightingDojo,FightingDojoText4,
FightingDojo,FightingDojoText5,
FightingDojo,FightingDojoText6,
FightingDojo,FightingDojoText7,
FightingDojo,FightingDojoText8,
FuchsiaCity,FuchsiaCityText1,
FuchsiaCity,FuchsiaCityText2,
FuchsiaCity,FuchsiaCityText3,
FuchsiaCity,FuchsiaCityText4,
FuchsiaCity,FuchsiaCityText5,
FuchsiaCity,FuchsiaCityText6,
FuchsiaCity,FuchsiaCityText7,
FuchsiaCity,FuchsiaCityText8,
FuchsiaCity,FuchsiaCityText9,
FuchsiaCity,FuchsiaCityText10,
FuchsiaCity,FuchsiaCityText11,
FuchsiaCity,FuchsiaCityText12,
FuchsiaCity,FuchsiaCityText13,
FuchsiaCity,MartSignText,
FuchsiaCity,PokeCenterSignText,
FuchsiaCity,FuchsiaCityText16,
FuchsiaCity,FuchsiaCityText17,
FuchsiaCity,FuchsiaCityText18,
FuchsiaCity,FuchsiaCityText19,
FuchsiaCity,FuchsiaCityText20,
FuchsiaCity,FuchsiaCityText21,
FuchsiaCity,FuchsiaCityText22,
FuchsiaCity,FuchsiaCityText23,
FuchsiaCity,FuchsiaCityText24,
FuchsiaGym,FuchsiaGymText1,
FuchsiaGym,FuchsiaGymText2,
FuchsiaGym,FuchsiaGymText3,
FuchsiaGym,FuchsiaGymText4,
FuchsiaGym,FuchsiaGymText5,
FuchsiaGym,FuchsiaGymText6,
FuchsiaGym,FuchsiaGymText7,
FuchsiaGym,FuchsiaGymText8,
FuchsiaGym,FuchsiaGymText9,
FuchsiaGym,FuchsiaGymText10,
FuchsiaGym,FuchsiaGymText11,
FuchsiaHouse1,FuchsiaHouse1Text1,
FuchsiaHouse1,FuchsiaHouse1Text2,
FuchsiaHouse1,FuchsiaHouse1Text3,
FuchsiaHouse2,FuchsiaHouse2Text1,
FuchsiaHouse2,PickUpItemText,
FuchsiaHouse2,BoulderText,
FuchsiaHouse2,FuchsiaHouse2Text4,
FuchsiaHouse2,FuchsiaHouse2Text5,
FuchsiaHouse3,FuchsiaHouse3Text1,
FuchsiaMart,FuchsiaCashierText,
FuchsiaMart,FuchsiaMartText2,
FuchsiaMart,FuchsiaMartText3,
FuchsiaMeetingRoom,FuchsiaMeetingRoomText1,
FuchsiaMeetingRoom,FuchsiaMeetingRoomText2,
FuchsiaMeetingRoom,FuchsiaMeetingRoomText3,
FuchsiaPokecenter,FuchsiaHealNurseText,
FuchsiaPokecenter,FuchsiaPokecenterText2,
FuchsiaPokecenter,FuchsiaPokecenterText3,
FuchsiaPokecenter,FuchsiaTradeNurseText,
Gary,GaryText1,
Gary,GaryText2,
Gary,GaryText3,
Gary,GaryText4,
Gary,GaryText5,
HallofFameRoom,HallofFameRoomText1,
IndigoPlateauLobby,IndigoHealNurseText,
IndigoPlateauLobby,IndigoPlateauLobbyText2,
IndigoPlateauLobby,IndigoPlateauLobbyText3,
IndigoPlateauLobby,IndigoCashierText,
IndigoPlateauLobby,IndigoTradeNurseText,
Lab1,Lab1Text1,
Lab1,Lab1Text2,
Lab1,Lab1Text3,
Lab1,Lab1Text4,
Lab1,Lab1Text5,
Lab2,Lab2Text1,
Lab2,Lab2Text2,
Lab2,Lab2Text3,
Lab3,Lab3Text1,
Lab3,Lab3Text2,
Lab3,Lab3Text3,
Lab3,Lab3Text4,
Lab3,Lab3Text5,
Lab4,Lab4Text1,
Lab4,Lab4Text2,
Lance,LanceText1,
LavenderHouse1,LavenderHouse1Text1,
LavenderHouse1,LavenderHouse1Text2,
LavenderHouse1,LavenderHouse1Text3,
LavenderHouse1,LavenderHouse1Text4,
LavenderHouse1,LavenderHouse1Text5,
LavenderHouse1,LavenderHouse1Text6,
LavenderHouse2,LavenderHouse2Text1,
LavenderHouse2,LavenderHouse2Text2,
LavenderMart,LavenderCashierText,
LavenderMart,LavenderMartText2,
LavenderMart,LavenderMartText3,
LavenderPokecenter,LavenderHealNurseText,
LavenderPokecenter,LavenderPokecenterText2,
LavenderPokecenter,LavenderPokecenterText3,
LavenderPokecenter,LavenderTradeNurseText,
LavenderTown,LavenderTownText1,
LavenderTown,LavenderTownText2,
LavenderTown,LavenderTownText3,
LavenderTown,LavenderTownText4,
LavenderTown,LavenderTownText5,
LavenderTown,MartSignText,
LavenderTown,PokeCenterSignText,
LavenderTown,LavenderTownText8,
LavenderTown,LavenderTownText9,
Lorelei,LoreleiText1,
Lorelei,LoreleiDontRunAwayText,
Mansion1,Mansion1Text1,
Mansion1,PickUpItemText,
Mansion1,PickUpItemText,
Mansion1,Mansion1Text4,
Mansion2,Mansion2Text1,
Mansion2,PickUpItemText,
Mansion2,Mansion2Text3,
Mansion2,Mansion2Text4,
Mansion2,Mansion2Text5,
Mansion3,Mansion3Text1,
Mansion3,Mansion3Text2,
Mansion3,PickUpItemText,
Mansion3,PickUpItemText,
Mansion3,Mansion3Text5,
Mansion3,Mansion3Text6,
Mansion4,Mansion4Text1,
Mansion4,Mansion4Text2,
Mansion4,PickUpItemText,
Mansion4,PickUpItemText,
Mansion4,PickUpItemText,
Mansion4,PickUpItemText,
Mansion4,Mansion4Text7,
Mansion4,PickUpItemText,
Mansion4,Mansion3Text6,
MtMoon1,MtMoon1Text1,
MtMoon1,MtMoon1Text2,
MtMoon1,MtMoon1Text3,
MtMoon1,MtMoon1Text4,
MtMoon1,MtMoon1Text5,
MtMoon1,MtMoon1Text6,
MtMoon1,MtMoon1Text7,
MtMoon1,PickUpItemText,
MtMoon1,PickUpItemText,
MtMoon1,PickUpItemText,
MtMoon1,PickUpItemText,
MtMoon1,PickUpItemText,
MtMoon1,PickUpItemText,
MtMoon1,MtMoon1Text14,
MtMoon2,MtMoonText1,
MtMoon3,MtMoon3Text1,
MtMoon3,MtMoon3Text2,
MtMoon3,MtMoon3Text3,
MtMoon3,MtMoon3Text4,
MtMoon3,MtMoon3Text5,
MtMoon3,MtMoon3Text6,
MtMoon3,MtMoon3Text7,
MtMoon3,PickUpItemText,
MtMoon3,PickUpItemText,
MtMoon3,MtMoon3Text_49f99,
MtMoonPokecenter,MtMoonHealNurseText,
MtMoonPokecenter,MtMoonPokecenterText2,
MtMoonPokecenter,MtMoonPokecenterText3,
MtMoonPokecenter,MagikarpSalesmanText,
MtMoonPokecenter,MtMoonPokecenterText5,
MtMoonPokecenter,MtMoonTradeNurseText,
Museum1F,Museum1FText1,
Museum1F,Museum1FText2,
Museum1F,Museum1FText3,
Museum1F,Museum1FText4,
Museum1F,Museum1FText5,
Museum2F,Museum2FText1,
Museum2F,Museum2FText2,
Museum2F,Museum2FText3,
Museum2F,Museum2FText4,
Museum2F,Museum2FText5,
Museum2F,Museum2FText6,
Museum2F,Museum2FText7,
NameRater,NameRaterText1,
OaksLab,OaksLabText1,
OaksLab,OaksLabText2,
OaksLab,OaksLabText3,
OaksLab,OaksLabText4,
OaksLab,OaksLabText5,
OaksLab,OaksLabText6,
OaksLab,OaksLabText7,
OaksLab,OaksLabText8,
OaksLab,OaksLabText9,
OaksLab,OaksLabText10,
OaksLab,OaksLabText11,
OaksLab,OaksLabText12,
OaksLab,OaksLabText13,
OaksLab,OaksLabText14,
OaksLab,OaksLabText15,
OaksLab,OaksLabText16,
OaksLab,OaksLabText17,
OaksLab,OaksLabText18,
OaksLab,OaksLabText19,
OaksLab,OaksLabText20,
OaksLab,OaksLabText21,
OaksLab,OaksLabText22,
OaksLab,OaksLabText23,
OaksLab,OaksLabText24,
OaksLab,OaksLabText25,
OaksLab,OaksLabText26,
OaksLab,OaksLabText27,
PalletTown,PalletTownText1,
PalletTown,PalletTownText2,
PalletTown,PalletTownText3,
PalletTown,PalletTownText4,
PalletTown,PalletTownText5,
PalletTown,PalletTownText6,
PalletTown,PalletTownText7,
PewterCity,PewterCityText1,
PewterCity,PewterCityText2,
PewterCity,PewterCityText3,
PewterCity,PewterCityText4,
PewterCity,PewterCityText5,
PewterCity,PewterCityText6,
PewterCity,PewterCityText7,
PewterCity,MartSignText,
PewterCity,PokeCenterSignText,
PewterCity,PewterCityText10,
PewterCity,PewterCityText11,
PewterCity,PewterCityText12,
PewterCity,PewterCityText13,
PewterCity,PewterCityText14,
PewterGym,PewterGymText1,
PewterGym,PewterGymText2,
PewterGym,PewterGymText3,
PewterGym,PewterGymText4,
PewterGym,PewterGymText5,
PewterGym,PewterGymText6,
PewterHouse1,PewterHouse1Text1,
PewterHouse1,PewterHouse1Text2,
PewterHouse1,PewterHouse1Text3,
PewterHouse2,PewterHouse2Text1,
PewterHouse2,PewterHouse2Text2,
PewterMart,PewterCashierText,
PewterMart,PewterMartText2,
PewterMart,PewterMartText3,
PewterPokecenter,PewterHealNurseText,
PewterPokecenter,PewterPokecenterText2,
PewterPokecenter,PewterJigglypuffText,
PewterPokecenter,PewterTradeNurseText,
PokemonTower1,PokemonTower1Text1,
PokemonTower1,PokemonTower1Text2,
PokemonTower1,PokemonTower1Text3,
PokemonTower1,PokemonTower1Text4,
PokemonTower1,PokemonTower1Text5,
PokemonTower2,PokemonTower2Text1,
PokemonTower2,PokemonTower2Text2,
PokemonTower3,PokemonTower3Text1,
PokemonTower3,PokemonTower3Text2,
PokemonTower3,PokemonTower3Text3,
PokemonTower3,PickUpItemText,
PokemonTower4,PokemonTower4Text1,
PokemonTower4,PokemonTower4Text2,
PokemonTower4,PokemonTower4Text3,
PokemonTower4,PickUpItemText,
PokemonTower4,PickUpItemText,
PokemonTower4,PickUpItemText,
PokemonTower5,PokemonTower5Text1,
PokemonTower5,PokemonTower5Text2,
PokemonTower5,PokemonTower5Text3,
PokemonTower5,PokemonTower5Text4,
PokemonTower5,PokemonTower5Text5,
PokemonTower5,PickUpItemText,
PokemonTower5,PokemonTower5Text7,
PokemonTower6,PokemonTower6Text1,
PokemonTower6,PokemonTower6Text2,
PokemonTower6,PokemonTower6Text3,
PokemonTower6,PickUpItemText,
PokemonTower6,PickUpItemText,
PokemonTower6,PokemonTower6Text6,
PokemonTower6,PokemonTower6Text7,
PokemonTower7,PokemonTower7Text1,
PokemonTower7,PokemonTower7Text2,
PokemonTower7,PokemonTower7Text3,
PokemonTower7,PokemonTower7FujiText,
PowerPlant,Voltorb0Text,
PowerPlant,Voltorb1Text,
PowerPlant,Voltorb2Text,
PowerPlant,Voltorb3Text,
PowerPlant,Voltorb4Text,
PowerPlant,Voltorb5Text,
PowerPlant,Voltorb6Text,
PowerPlant,Voltorb7Text,
PowerPlant,ZapdosText,
PowerPlant,PickUpItemText,
PowerPlant,PickUpItemText,
PowerPlant,PickUpItemText,
PowerPlant,PickUpItemText,
PowerPlant,PickUpItemText,
RedsHouse1F,RedsHouse1FText1,
RedsHouse1F,RedsHouse1FText2,
RocketHideout1,RocketHideout1Text1,
RocketHideout1,RocketHideout1Text2,
RocketHideout1,RocketHideout1Text3,
RocketHideout1,RocketHideout1Text4,
RocketHideout1,RocketHideout1Text5,
RocketHideout1,PickUpItemText,
RocketHideout1,PickUpItemText,
RocketHideout2,RocketHideout2Text1,
RocketHideout2,PickUpItemText,
RocketHideout2,PickUpItemText,
RocketHideout2,PickUpItemText,
RocketHideout2,PickUpItemText,
RocketHideout3,RocketHideout3Text1,
RocketHideout3,RocketHideout3Text2,
RocketHideout3,PickUpItemText,
RocketHideout3,PickUpItemText,
RocketHideout4,RocketHideout4Text1,
RocketHideout4,RocketHideout4Text2,
RocketHideout4,RocketHideout4Text3,
RocketHideout4,RocketHideout4Text4,
RocketHideout4,PickUpItemText,
RocketHideout4,PickUpItemText,
RocketHideout4,PickUpItemText,
RocketHideout4,PickUpItemText,
RocketHideout4,PickUpItemText,
RocketHideout4,RocketHideout4Text10,
RocketHideoutElevator,RocketHideoutElevatorText1,
RockTunnel1,RockTunnel1Text1,
RockTunnel1,RockTunnel1Text2,
RockTunnel1,RockTunnel1Text3,
RockTunnel1,RockTunnel1Text4,
RockTunnel1,RockTunnel1Text5,
RockTunnel1,RockTunnel1Text6,
RockTunnel1,RockTunnel1Text7,
RockTunnel1,RockTunnel1Text8,
RockTunnel2,RockTunnel2Text1,
RockTunnel2,RockTunnel2Text2,
RockTunnel2,RockTunnel2Text3,
RockTunnel2,RockTunnel2Text4,
RockTunnel2,RockTunnel2Text5,
RockTunnel2,RockTunnel2Text6,
RockTunnel2,RockTunnel2Text7,
RockTunnel2,RockTunnel2Text8,
RockTunnelPokecenter,RockTunnelHealNurseText,
RockTunnelPokecenter,RockTunnelPokecenterText2,
RockTunnelPokecenter,RockTunnelPokecenterText3,
RockTunnelPokecenter,RockTunnelTradeNurseText,
Route1,Route1Text1,
Route1,Route1Text2,
Route1,Route1Text3,
Route10,Route10Text1,
Route10,Route10Text2,
Route10,Route10Text3,
Route10,Route10Text4,
Route10,Route10Text5,
Route10,Route10Text6,
Route10,Route10Text7,
Route10,PokeCenterSignText,
Route10,Route10Text9,
Route10,Route10Text10,
Route11,Route11Text1,
Route11,Route11Text2,
Route11,Route11Text3,
Route11,Route11Text4,
Route11,Route11Text5,
Route11,Route11Text6,
Route11,Route11Text7,
Route11,Route11Text8,
Route11,Route11Text9,
Route11,Route11Text10,
Route11,Route11Text11,
Route11Gate,Route11GateText1,
Route11GateUpstairs,Route11GateUpstairsText1,
Route11GateUpstairs,Route11GateUpstairsText2,
Route11GateUpstairs,Route11GateUpstairsText3,
Route11GateUpstairs,Route11GateUpstairsText4,
Route12,Route12Text1,
Route12,Route12Text2,
Route12,Route12Text3,
Route12,Route12Text4,
Route12,Route12Text5,
Route12,Route12Text6,
Route12,Route12Text7,
Route12,Route12Text8,
Route12,PickUpItemText,
Route12,PickUpItemText,
Route12,Route12Text11,
Route12,Route12Text12,
Route12,Route12Text13,
Route12,Route12Text14,
Route12Gate,Route12GateText1,
Route12GateUpstairs,Route12GateUpstairsText1,
Route12GateUpstairs,Route12GateUpstairsText2,
Route12GateUpstairs,Route12GateUpstairsText3,
Route12House,Route12HouseText1,
Route13,Route13Text1,
Route13,Route13Text2,
Route13,Route13Text3,
Route13,Route13Text4,
Route13,Route13Text5,
Route13,Route13Text6,
Route13,Route13Text7,
Route13,Route13Text8,
Route13,Route13Text9,
Route13,Route13Text10,
Route13,Route13Text11,
Route13,Route13Text12,
Route13,Route13Text13,
Route14,Route14Text1,
Route14,Route14Text2,
Route14,Route14Text3,
Route14,Route14Text4,
Route14,Route14Text5,
Route14,Route14Text6,
Route14,Route14Text7,
Route14,Route14Text8,
Route14,Route14Text9,
Route14,Route14Text10,
Route14,Route14Text11,
Route15,Route15Text1,
Route15,Route15Text2,
Route15,Route15Text3,
Route15,Route15Text4,
Route15,Route15Text5,
Route15,Route15Text6,
Route15,Route15Text7,
Route15,Route15Text8,
Route15,Route15Text9,
Route15,Route15Text10,
Route15,PickUpItemText,
Route15,Route15Text12,
Route15Gate,Route15GateText1,
Route15GateUpstairs,Route15GateUpstairsText1,
Route15GateUpstairs,Route15GateUpstairsText2,
Route16,Route16Text1,
Route16,Route16Text2,
Route16,Route16Text3,
Route16,Route16Text4,
Route16,Route16Text5,
Route16,Route16Text6,
Route16,Route16Text7,
Route16,Route16Text8,
Route16,Route16Text9,
Route16,Route16Text10,
Route16,Route16Text11,
Route16Gate,Route16GateText1,
Route16Gate,Route16GateText2,
Route16Gate,Route16GateText3,
Route16GateUpstairs,Route16GateUpstairsText1,
Route16GateUpstairs,Route16GateUpstairsText2,
Route16GateUpstairs,Route16GateUpstairsText3,
Route16GateUpstairs,Route16GateUpstairsText4,
Route16House,Route16HouseText1,
Route16House,Route16HouseText2,
Route17,Route17Text1,
Route17,Route17Text2,
Route17,Route17Text3,
Route17,Route17Text4,
Route17,Route17Text5,
Route17,Route17Text6,
Route17,Route17Text7,
Route17,Route17Text8,
Route17,Route17Text9,
Route17,Route17Text10,
Route17,Route17Text11,
Route17,Route17Text12,
Route17,Route17Text13,
Route17,Route17Text14,
Route17,Route17Text15,
Route17,Route17Text16,
Route18,Route18Text1,
Route18,Route18Text2,
Route18,Route18Text3,
Route18,Route18Text4,
Route18,Route18Text5,
Route18Gate,Route18GateText1,
Route18Gate,Route18GateText2,
Route18GateUpstairs,Route18GateUpstairsText1,
Route18GateUpstairs,Route18GateUpstairsText2,
Route18GateUpstairs,Route18GateUpstairsText3,
Route19,Route19Text1,
Route19,Route19Text2,
Route19,Route19Text3,
Route19,Route19Text4,
Route19,Route19Text5,
Route19,Route19Text6,
Route19,Route19Text7,
Route19,Route19Text8,
Route19,Route19Text9,
Route19,Route19Text10,
Route19,Route19Text11,
Route2,PickUpItemText,
Route2,PickUpItemText,
Route2,Route2Text3,
Route2,Route2Text4,
Route20,Route20Text1,
Route20,Route20Text2,
Route20,Route20Text3,
Route20,Route20Text4,
Route20,Route20Text5,
Route20,Route20Text6,
Route20,Route20Text7,
Route20,Route20Text8,
Route20,Route20Text9,
Route20,Route20Text10,
Route20,Route20Text11,
Route20,Route20Text12,
Route21,Route21Text1,
Route21,Route21Text2,
Route21,Route21Text3,
Route21,Route21Text4,
Route21,Route21Text5,
Route21,Route21Text6,
Route21,Route21Text7,
Route21,Route21Text8,
Route21,Route21Text9,
Route22,Route22Text1,
Route22,Route22Text2,
Route22,Route22FrontGateText,
Route22Gate,Route22GateText1,
Route23,Route23Text1,
Route23,Route23Text2,
Route23,Route23Text3,
Route23,Route23Text4,
Route23,Route23Text5,
Route23,Route23Text6,
Route23,Route23Text7,
Route23,Route23Text8,
Route24,Route24Text1,
Route24,Route24Text2,
Route24,Route24Text3,
Route24,Route24Text4,
Route24,Route24Text5,
Route24,Route24Text6,
Route24,Route24Text7,
Route24,PickUpItemText,
Route25,Route25Text1,
Route25,Route25Text2,
Route25,Route25Text3,
Route25,Route25Text4,
Route25,Route25Text5,
Route25,Route25Text6,
Route25,Route25Text7,
Route25,Route25Text8,
Route25,Route25Text9,
Route25,PickUpItemText,
Route25,Route25Text11,
Route2Gate,Route2GateText1,
Route2Gate,Route2GateText2,
Route2House,Route2HouseText1,
Route2House,Route2HouseText2,
Route3,Route3Text1,
Route3,Route3Text2,
Route3,Route3Text3,
Route3,Route3Text4,
Route3,Route3Text5,
Route3,Route3Text6,
Route3,Route3Text7,
Route3,Route3Text8,
Route3,Route3Text9,
Route3,Route3Text10,
Route4,Route4Text1,
Route4,Route4Text2,
Route4,PickUpItemText,
Route4,PokeCenterSignText,
Route4,Route4Text5,
Route4,Route4Text6,
Route5,Route5Text1,
Route5Gate,Route5GateText1,
Route5Gate,Route5GateText2,
Route5Gate,Route5GateText3,
Route6,Route6Text1,
Route6,Route6Text2,
Route6,Route6Text3,
Route6,Route6Text4,
Route6,Route6Text5,
Route6,Route6Text6,
Route6,Route6Text7,
Route6Gate,Route6GateText1,
Route6Gate,Route6GateText2,
Route6Gate,Route6GateText3,
Route7,Route7Text1,
Route7Gate,Route7GateText1,
Route7Gate,Route7GateText2,
Route7Gate,Route7GateText3,
Route8,Route8Text1,
Route8,Route8Text2,
Route8,Route8Text3,
Route8,Route8Text4,
Route8,Route8Text5,
Route8,Route8Text6,
Route8,Route8Text7,
Route8,Route8Text8,
Route8,Route8Text9,
Route8,Route8Text10,
Route8Gate,Route8GateText1,
Route8Gate,Route8GateText2,
Route8Gate,Route8GateText3,
Route9,Route9Text1,
Route9,Route9Text2,
Route9,Route9Text3,
Route9,Route9Text4,
Route9,Route9Text5,
Route9,Route9Text6,
Route9,Route9Text7,
Route9,Route9Text8,
Route9,Route9Text9,
Route9,PickUpItemText,
Route9,Route9Text11,
SafariZoneCenter,PickUpItemText,
SafariZoneCenter,SafariZoneCenterText2,
SafariZoneCenter,SafariZoneCenterText3,
SafariZoneEast,PickUpItemText,
SafariZoneEast,PickUpItemText,
SafariZoneEast,PickUpItemText,
SafariZoneEast,PickUpItemText,
SafariZoneEast,SafariZoneEastText5,
SafariZoneEast,SafariZoneEastText6,
SafariZoneEast,SafariZoneEastText7,
SafariZoneNorth,PickUpItemText,
SafariZoneNorth,PickUpItemText,
SafariZoneNorth,SafariZoneNorthText3,
SafariZoneNorth,SafariZoneNorthText4,
SafariZoneNorth,SafariZoneNorthText5,
SafariZoneNorth,SafariZoneNorthText6,
SafariZoneNorth,SafariZoneNorthText7,
SafariZoneRestHouse1,SafariZoneRestHouse1Text1,
SafariZoneRestHouse1,SafariZoneRestHouse1Text2,
SafariZoneRestHouse2,SafariZoneRestHouse2Text1,
SafariZoneRestHouse2,SafariZoneRestHouse2Text2,
SafariZoneRestHouse2,SafariZoneRestHouse2Text3,
SafariZoneRestHouse3,SafariZoneRestHouse3Text1,
SafariZoneRestHouse3,SafariZoneRestHouse3Text2,
SafariZoneRestHouse3,SafariZoneRestHouse3Text3,
SafariZoneRestHouse4,SafariZoneRestHouse4Text1,
SafariZoneRestHouse4,SafariZoneRestHouse4Text2,
SafariZoneRestHouse4,SafariZoneRestHouse4Text3,
SafariZoneSecretHouse,SafariZoneSecretHouseText1,
SafariZoneWest,PickUpItemText,
SafariZoneWest,PickUpItemText,
SafariZoneWest,PickUpItemText,
SafariZoneWest,PickUpItemText,
SafariZoneWest,SafariZoneWestText5,
SafariZoneWest,SafariZoneWestText6,
SafariZoneWest,SafariZoneWestText7,
SafariZoneWest,SafariZoneWestText8,
SaffronCity,SaffronCityText1,
SaffronCity,SaffronCityText2,
SaffronCity,SaffronCityText3,
SaffronCity,SaffronCityText4,
SaffronCity,SaffronCityText5,
SaffronCity,SaffronCityText6,
SaffronCity,SaffronCityText7,
SaffronCity,SaffronCityText8,
SaffronCity,SaffronCityText9,
SaffronCity,SaffronCityText10,
SaffronCity,SaffronCityText11,
SaffronCity,SaffronCityText12,
SaffronCity,SaffronCityText13,
SaffronCity,SaffronCityText14,
SaffronCity,SaffronCityText15,
SaffronCity,SaffronCityText16,
SaffronCity,SaffronCityText17,
SaffronCity,SaffronCityText18,
SaffronCity,MartSignText,
SaffronCity,SaffronCityText20,
SaffronCity,SaffronCityText21,
SaffronCity,SaffronCityText22,
SaffronCity,PokeCenterSignText,
SaffronCity,SaffronCityText24,
SaffronCity,SaffronCityText25,
SaffronGym,SaffronGymText1,
SaffronGym,SaffronGymText2,
SaffronGym,SaffronGymText3,
SaffronGym,SaffronGymText4,
SaffronGym,SaffronGymText5,
SaffronGym,SaffronGymText6,
SaffronGym,SaffronGymText7,
SaffronGym,SaffronGymText8,
SaffronGym,SaffronGymText9,
SaffronGym,SaffronGymText10,
SaffronGym,SaffronGymText11,
SaffronGym,SaffronGymText12,
SaffronHouse1,SaffronHouse1Text1,
SaffronHouse1,SaffronHouse1Text2,
SaffronHouse1,SaffronHouse1Text3,
SaffronHouse1,SaffronHouse1Text4,
SaffronHouse2,SaffronHouse2Text1,
SaffronMart,SaffronCashierText,
SaffronMart,SaffronMartText2,
SaffronMart,SaffronMartText3,
SaffronPokecenter,SaffronHealNurseText,
SaffronPokecenter,SaffronPokecenterText2,
SaffronPokecenter,SaffronPokecenterText3,
SaffronPokecenter,SaffronTradeNurseText,
School,SchoolText1,
School,SchoolText2,
SeafoamIslands1,BoulderText,
SeafoamIslands1,BoulderText,
SeafoamIslands2,BoulderText,
SeafoamIslands2,BoulderText,
SeafoamIslands3,BoulderText,
SeafoamIslands3,BoulderText,
SeafoamIslands4,BoulderText,
SeafoamIslands4,BoulderText,
SeafoamIslands4,BoulderText,
SeafoamIslands4,BoulderText,
SeafoamIslands4,BoulderText,
SeafoamIslands4,BoulderText,
SeafoamIslands5,BoulderText,
SeafoamIslands5,BoulderText,
SeafoamIslands5,ArticunoText,
SeafoamIslands5,SeafoamIslands5Text4,
SeafoamIslands5,SeafoamIslands5Text5,
SilphCo1,SilphCo1Text1,
SilphCo10,SilphCo10Text1,
SilphCo10,SilphCo10Text2,
SilphCo10,SilphCo10Text3,
SilphCo10,PickUpItemText,
SilphCo10,PickUpItemText,
SilphCo10,PickUpItemText,
SilphCo11,SilphCo11Text1,
SilphCo11,SilphCo11Text2,
SilphCo11,SilphCo11Text3,
SilphCo11,SilphCo11Text4,
SilphCo11,SilphCo11Text5,
SilphCo11,SilphCo11Text6,
SilphCo2,SilphCo2Text1,
SilphCo2,SilphCo2Text2,
SilphCo2,SilphCo2Text3,
SilphCo2,SilphCo2Text4,
SilphCo2,SilphCo2Text5,
SilphCo3,SilphCo3Text1,
SilphCo3,SilphCo3Text2,
SilphCo3,SilphCo3Text3,
SilphCo3,PickUpItemText,
SilphCo4,SilphCo4Text1,
SilphCo4,SilphCo4Text2,
SilphCo4,SilphCo4Text3,
SilphCo4,SilphCo4Text4,
SilphCo4,PickUpItemText,
SilphCo4,PickUpItemText,
SilphCo4,PickUpItemText,
SilphCo5,SilphCo5Text1,
SilphCo5,SilphCo5Text2,
SilphCo5,SilphCo5Text3,
SilphCo5,SilphCo5Text4,
SilphCo5,SilphCo5Text5,
SilphCo5,PickUpItemText,
SilphCo5,PickUpItemText,
SilphCo5,PickUpItemText,
SilphCo5,SilphCo5Text9,
SilphCo5,SilphCo5Text10,
SilphCo5,SilphCo5Text11,
SilphCo6,SilphCo6Text1,
SilphCo6,SilphCo6Text2,
SilphCo6,SilphCo6Text3,
SilphCo6,SilphCo6Text4,
SilphCo6,SilphCo6Text5,
SilphCo6,SilphCo6Text6,
SilphCo6,SilphCo6Text7,
SilphCo6,SilphCo6Text8,
SilphCo6,PickUpItemText,
SilphCo6,PickUpItemText,
SilphCo7,SilphCo7Text1,
SilphCo7,SilphCo7Text2,
SilphCo7,SilphCo7Text3,
SilphCo7,SilphCo7Text4,
SilphCo7,SilphCo7Text5,
SilphCo7,SilphCo7Text6,
SilphCo7,SilphCo7Text7,
SilphCo7,SilphCo7Text8,
SilphCo7,SilphCo7Text9,
SilphCo7,PickUpItemText,
SilphCo7,PickUpItemText,
SilphCo7,PickUpItemText,
SilphCo7,SilphCo7Text13,
SilphCo7,SilphCo7Text14,
SilphCo7,SilphCo7Text15,
SilphCo8,SilphCo8Text1,
SilphCo8,SilphCo8Text2,
SilphCo8,SilphCo8Text3,
SilphCo8,SilphCo8Text4,
SilphCo9,SilphCo9Text1,
SilphCo9,SilphCo9Text2,
SilphCo9,SilphCo9Text3,
SilphCo9,SilphCo9Text4,
SilphCoElevator,SilphCoElevatorText1,
SSAnne1,SSAnne1Text1,
SSAnne1,SSAnne1Text2,
SSAnne10,SSAnne10Text1,
SSAnne10,SSAnne10Text2,
SSAnne10,SSAnne10Text3,
SSAnne10,SSAnne10Text4,
SSAnne10,SSAnne10Text5,
SSAnne10,SSAnne10Text6,
SSAnne10,SSAnne10Text7,
SSAnne10,SSAnne10Text8,
SSAnne10,PickUpItemText,
SSAnne10,PickUpItemText,
SSAnne10,PickUpItemText,
SSAnne2,SSAnne2Text1,
SSAnne2,SSAnne2Text2,
SSAnne2,SSAnne2Text3,
SSAnne3,SSAnne3Text1,
SSAnne5,SSAnne5Text1,
SSAnne5,SSAnne5Text2,
SSAnne5,SSAnne5Text3,
SSAnne5,SSAnne5Text4,
SSAnne5,SSAnne5Text5,
SSAnne6,SSAnne6Text1,
SSAnne6,SSAnne6Text2,
SSAnne6,SSAnne6Text3,
SSAnne6,SSAnne6Text4,
SSAnne6,SSAnne6Text5,
SSAnne6,SSAnne6Text6,
SSAnne6,SSAnne6Text7,
SSAnne7,SSAnne7Text1,
SSAnne7,SSAnne7Text2,
SSAnne7,SSAnne7Text3,
SSAnne8,SSAnne8Text1,
SSAnne8,SSAnne8Text2,
SSAnne8,SSAnne8Text3,
SSAnne8,SSAnne8Text4,
SSAnne8,SSAnne8Text5,
SSAnne8,SSAnne8Text6,
SSAnne8,SSAnne8Text7,
SSAnne8,SSAnne8Text8,
SSAnne8,SSAnne8Text9,
SSAnne8,PickUpItemText,
SSAnne8,SSAnne8Text11,
SSAnne9,SSAnne9Text1,
SSAnne9,SSAnne9Text2,
SSAnne9,SSAnne9Text3,
SSAnne9,SSAnne9Text4,
SSAnne9,SSAnne9Text5,
SSAnne9,PickUpItemText,
SSAnne9,SSAnne9Text7,
SSAnne9,SSAnne9Text8,
SSAnne9,PickUpItemText,
SSAnne9,SSAnne9Text10,
SSAnne9,SSAnne9Text11,
SSAnne9,SSAnne9Text12,
SSAnne9,SSAnne9Text13,
TradeCenter,TradeCenterText1,
UndergroundPathEntranceRoute5,UndergroundPathEntranceRoute5Text1,
UndergroundPathEntranceRoute6,UndergroundPathEntranceRoute6Text1,
UndergroundPathEntranceRoute7,UndergroundPathEntranceRoute7Text1,
UndergroundPathEntranceRoute7Copy,UGPathRoute7EntranceUnusedText_5d773,
UndergroundPathEntranceRoute7Copy,UGPathRoute7EntranceUnusedText_5d77d,
UndergroundPathEntranceRoute8,UndergroundPathEntranceRoute8Text1,
UnknownDungeon1,PickUpItemText,
UnknownDungeon1,PickUpItemText,
UnknownDungeon1,PickUpItemText,
UnknownDungeon2,PickUpItemText,
UnknownDungeon2,PickUpItemText,
UnknownDungeon2,PickUpItemText,
UnknownDungeon3,MewtwoText,
UnknownDungeon3,PickUpItemText,
UnknownDungeon3,PickUpItemText,
VermilionCity,VermilionCityText1,
VermilionCity,VermilionCityText2,
VermilionCity,VermilionCityText3,
VermilionCity,VermilionCityText4,
VermilionCity,VermilionCityText5,
VermilionCity,VermilionCityText6,
VermilionCity,VermilionCityText7,
VermilionCity,VermilionCityText8,
VermilionCity,MartSignText,
VermilionCity,PokeCenterSignText,
VermilionCity,VermilionCityText11,
VermilionCity,VermilionCityText12,
VermilionCity,VermilionCityText13,
VermilionDock,VermilionDockText1,
VermilionGym,VermilionGymText1,
VermilionGym,VermilionGymText2,
VermilionGym,VermilionGymText3,
VermilionGym,VermilionGymText4,
VermilionGym,VermilionGymText5,
VermilionGym,VermilionGymText6,
VermilionGym,VermilionGymText7,
VermilionGym,VermilionGymText8,
VermilionHouse1,VermilionHouse1Text1,
VermilionHouse1,VermilionHouse1Text2,
VermilionHouse1,VermilionHouse1Text3,
VermilionHouse2,VermilionHouse2Text1,
VermilionHouse3,VermilionHouse3Text1,
VermilionMart,VermilionCashierText,
VermilionMart,VermilionMartText2,
VermilionMart,VermilionMartText3,
VermilionPokecenter,VermilionHealNurseText,
VermilionPokecenter,VermilionPokecenterText2,
VermilionPokecenter,VermilionPokecenterText3,
VermilionPokecenter,VermilionTradeNurseText,
VictoryRoad1,VictoryRoad1Text1,
VictoryRoad1,VictoryRoad1Text2,
VictoryRoad1,PickUpItemText,
VictoryRoad1,PickUpItemText,
VictoryRoad1,BoulderText,
VictoryRoad1,BoulderText,
VictoryRoad1,BoulderText,
VictoryRoad2,VictoryRoad2Text1,
VictoryRoad2,VictoryRoad2Text2,
VictoryRoad2,VictoryRoad2Text3,
VictoryRoad2,VictoryRoad2Text4,
VictoryRoad2,VictoryRoad2Text5,
VictoryRoad2,MoltresText,
VictoryRoad2,PickUpItemText,
VictoryRoad2,PickUpItemText,
VictoryRoad2,PickUpItemText,
VictoryRoad2,PickUpItemText,
VictoryRoad2,BoulderText,
VictoryRoad2,BoulderText,
VictoryRoad2,BoulderText,
VictoryRoad3,VictoryRoad3Text1,
VictoryRoad3,VictoryRoad3Text2,
VictoryRoad3,VictoryRoad3Text3,
VictoryRoad3,VictoryRoad3Text4,
VictoryRoad3,PickUpItemText,
VictoryRoad3,PickUpItemText,
VictoryRoad3,BoulderText,
VictoryRoad3,BoulderText,
VictoryRoad3,BoulderText,
VictoryRoad3,BoulderText,
ViridianCity,ViridianCityText1,
ViridianCity,ViridianCityText2,
ViridianCity,ViridianCityText3,
ViridianCity,ViridianCityText4,
ViridianCity,ViridianCityText5,
ViridianCity,ViridianCityText6,
ViridianCity,ViridianCityText7,
ViridianCity,ViridianCityText8,
ViridianCity,ViridianCityText9,
ViridianCity,ViridianCityText10,
ViridianCity,MartSignText,
ViridianCity,PokeCenterSignText,
ViridianCity,ViridianCityText13,
ViridianCity,ViridianCityText14,
ViridianCity,ViridianCityText15,
ViridianForest,ViridianForestText1,
ViridianForest,ViridianForestText2,
ViridianForest,ViridianForestText3,
ViridianForest,ViridianForestText4,
ViridianForest,PickUpItemText,
ViridianForest,PickUpItemText,
ViridianForest,PickUpItemText,
ViridianForest,ViridianForestText8,
ViridianForest,ViridianForestText9,
ViridianForest,ViridianForestText10,
ViridianForest,ViridianForestText11,
ViridianForest,ViridianForestText12,
ViridianForest,ViridianForestText13,
ViridianForest,ViridianForestText14,
ViridianForestEntrance,ViridianForestEntranceText1,
ViridianForestEntrance,ViridianForestEntranceText2,
ViridianForestExit,ViridianForestExitText1,
ViridianForestExit,ViridianForestExitText2,
ViridianGym,ViridianGymText1,
ViridianGym,ViridianGymText2,
ViridianGym,ViridianGymText3,
ViridianGym,ViridianGymText4,
ViridianGym,ViridianGymText5,
ViridianGym,ViridianGymText6,
ViridianGym,ViridianGymText7,
ViridianGym,ViridianGymText8,
ViridianGym,ViridianGymText9,
ViridianGym,ViridianGymText10,
ViridianGym,PickUpItemText,
ViridianGym,ViridianGymText12,
ViridianGym,ViridianGymText13,
ViridianGym,ViridianGymText14,
ViridianHouse,ViridianHouseText1,
ViridianHouse,ViridianHouseText2,
ViridianHouse,ViridianHouseText3,
ViridianHouse,ViridianHouseText4,
ViridianMart,ViridianMartText1,
ViridianMart,ViridianMartText2,
ViridianMart,ViridianMartText3,
ViridianMart,ViridianMartText4,
ViridianMart,ViridianMartText5,
ViridianMart,ViridianCashierText,
ViridianMart,ViridianMartText2,
ViridianMart,ViridianMartText3,
ViridianPokecenter,ViridianHealNurseText,
ViridianPokecenter,ViridianPokeCenterText2,
ViridianPokecenter,ViridianPokeCenterText3,
ViridianPokecenter,ViridianTradeNurseText,
