trainer_class_name,party_index,species,level
OppYoungster,1,Rattata,11
OppYoungster,1,Ekans,11
OppYoungster,2,Spearow,14
OppYoungster,3,Rattata,10
OppYoungster,3,Rattata,10
OppYoungster,3,Zubat,10
OppYoungster,4,Rattata,14
OppYoungster,4,Ekans,14
OppYoungster,4,Zubat,14
OppYoungster,5,Rattata,15
OppYoungster,5,Spearow,15
OppYoungster,6,Slowpoke,17
OppYoungster,7,Ekans,14
OppYoungster,7,Sandshrew,14
OppYoungster,8,NidoranMale,21
OppYoungster,9,Ekans,21
OppYoungster,10,Sandshrew,19
OppYoungster,10,Zubat,19
OppYoungster,11,Rattata,17
OppYoungster,11,Rattata,17
OppYoungster,11,Raticate,17
OppYoungster,12,NidoranMale,18
OppYoungster,12,Nidorino,18
OppYoungster,13,Spearow,17
OppYoungster,13,Rattata,17
OppYoungster,13,Rattata,17
OppYoungster,13,Spearow,17
OppBugCatcher,1,Weedle,6
OppBugCatcher,1,Caterpie,6
OppBugCatcher,2,Weedle,7
OppBugCatcher,2,Kakuna,7
OppBugCatcher,2,Weedle,7
OppBugCatcher,3,Weedle,9
OppBugCatcher,4,Caterpie,10
OppBugCatcher,4,Weedle,10
OppBugCatcher,4,Caterpie,10
OppBugCatcher,5,Weedle,9
OppBugCatcher,5,Kakuna,9
OppBugCatcher,5,Caterpie,9
OppBugCatcher,5,Metapod,9
OppBugCatcher,6,Caterpie,11
OppBugCatcher,6,Metapod,11
OppBugCatcher,7,Weedle,11
OppBugCatcher,7,Kakuna,11
OppBugCatcher,8,Caterpie,10
OppBugCatcher,8,Metapod,10
OppBugCatcher,8,Caterpie,10
OppBugCatcher,9,Caterpie,14
OppBugCatcher,9,Weedle,14
OppBugCatcher,10,Weedle,16
OppBugCatcher,10,Caterpie,16
OppBugCatcher,10,Weedle,16
OppBugCatcher,11,Butterfree,20
OppBugCatcher,12,Metapod,18
OppBugCatcher,12,Caterpie,18
OppBugCatcher,12,Venonat,18
OppBugCatcher,13,Beedrill,19
OppBugCatcher,13,Beedrill,19
OppBugCatcher,14,Caterpie,20
OppBugCatcher,14,Weedle,20
OppBugCatcher,14,Venonat,20
OppLass,1,Pidgey,9
OppLass,1,Pidgey,9
OppLass,2,Rattata,10
OppLass,2,NidoranMale,10
OppLass,3,Jigglypuff,14
OppLass,4,Paras,31
OppLass,4,Paras,31
OppLass,4,Parasect,31
OppLass,5,Oddish,11
OppLass,5,Bellsprout,11
OppLass,6,Clefairy,14
OppLass,7,Pidgey,16
OppLass,7,NidoranFemale,16
OppLass,8,Pidgey,14
OppLass,8,NidoranFemale,14
OppLass,9,NidoranMale,15
OppLass,9,NidoranFemale,15
OppLass,10,Oddish,13
OppLass,10,Pidgey,13
OppLass,10,Oddish,13
OppLass,11,Pidgey,18
OppLass,11,NidoranFemale,18
OppLass,12,Rattata,18
OppLass,12,Pikachu,18
OppLass,13,NidoranFemale,23
OppLass,13,Nidorina,23
OppLass,14,Meowth,24
OppLass,14,Meowth,24
OppLass,14,Meowth,24
OppLass,15,Pidgey,19
OppLass,15,Rattata,19
OppLass,15,NidoranMale,19
OppLass,15,Meowth,19
OppLass,15,Pikachu,19
OppLass,16,Clefairy,22
OppLass,16,Clefairy,22
OppLass,17,Bellsprout,23
OppLass,17,Weepinbell,23
OppLass,18,Oddish,23
OppLass,18,Gloom,23
OppSailor,1,Machop,18
OppSailor,1,Shellder,18
OppSailor,2,Machop,17
OppSailor,2,Tentacool,17
OppSailor,3,Shellder,21
OppSailor,4,Horsea,17
OppSailor,4,Shellder,17
OppSailor,4,Tentacool,17
OppSailor,5,Tentacool,18
OppSailor,5,Staryu,18
OppSailor,6,Horsea,17
OppSailor,6,Horsea,17
OppSailor,6,Horsea,17
OppSailor,7,Machop,20
OppSailor,8,Pikachu,21
OppSailor,8,Pikachu,21
OppJrTrainerM,1,Diglett,11
OppJrTrainerM,1,Sandshrew,11
OppJrTrainerM,2,Rattata,14
OppJrTrainerM,2,Ekans,14
OppJrTrainerM,3,Mankey,18
OppJrTrainerM,4,Squirtle,20
OppJrTrainerM,5,Spearow,16
OppJrTrainerM,5,Raticate,16
OppJrTrainerM,6,Diglett,18
OppJrTrainerM,6,Diglett,18
OppJrTrainerM,6,Sandshrew,18
OppJrTrainerM,7,Growlithe,21
OppJrTrainerM,7,Charmander,21
OppJrTrainerM,8,Rattata,19
OppJrTrainerM,8,Diglett,19
OppJrTrainerM,8,Ekans,19
OppJrTrainerM,8,Sandshrew,19
OppJrTrainerM,9,NidoranMale,29
OppJrTrainerM,9,Nidorino,29
OppJrTrainerF,1,Goldeen,19
OppJrTrainerF,2,Rattata,16
OppJrTrainerF,2,Pikachu,16
OppJrTrainerF,3,Pidgey,16
OppJrTrainerF,3,Pidgey,16
OppJrTrainerF,3,Pidgey,16
OppJrTrainerF,4,Bulbasaur,22
OppJrTrainerF,5,Oddish,18
OppJrTrainerF,5,Bellsprout,18
OppJrTrainerF,5,Oddish,18
OppJrTrainerF,5,Bellsprout,18
OppJrTrainerF,6,Meowth,23
OppJrTrainerF,7,Pikachu,20
OppJrTrainerF,7,Clefairy,20
OppJrTrainerF,8,Pidgey,21
OppJrTrainerF,8,Pidgeotto,21
OppJrTrainerF,9,Jigglypuff,21
OppJrTrainerF,9,Pidgey,21
OppJrTrainerF,9,Meowth,21
OppJrTrainerF,10,Oddish,22
OppJrTrainerF,10,Bulbasaur,22
OppJrTrainerF,11,Bulbasaur,24
OppJrTrainerF,11,Ivysaur,24
OppJrTrainerF,12,Pidgey,24
OppJrTrainerF,12,Meowth,24
OppJrTrainerF,12,Rattata,24
OppJrTrainerF,12,Pikachu,24
OppJrTrainerF,12,Meowth,24
OppJrTrainerF,13,Poliwag,30
OppJrTrainerF,13,Poliwag,30
OppJrTrainerF,14,Pidgey,27
OppJrTrainerF,14,Meowth,27
OppJrTrainerF,14,Pidgey,27
OppJrTrainerF,14,Pidgeotto,27
OppJrTrainerF,15,Goldeen,28
OppJrTrainerF,15,Poliwag,28
OppJrTrainerF,15,Horsea,28
OppJrTrainerF,16,Goldeen,31
OppJrTrainerF,16,Seaking,31
OppJrTrainerF,17,Bellsprout,22
OppJrTrainerF,17,Clefairy,22
OppJrTrainerF,18,Meowth,20
OppJrTrainerF,18,Oddish,20
OppJrTrainerF,18,Pidgey,20
OppJrTrainerF,19,Pidgey,19
OppJrTrainerF,19,Rattata,19
OppJrTrainerF,19,Rattata,19
OppJrTrainerF,19,Bellsprout,19
OppJrTrainerF,20,Gloom,28
OppJrTrainerF,20,Oddish,28
OppJrTrainerF,20,Oddish,28
OppJrTrainerF,21,Pikachu,29
OppJrTrainerF,21,Raichu,29
OppJrTrainerF,22,Clefairy,33
OppJrTrainerF,23,Bellsprout,29
OppJrTrainerF,23,Oddish,29
OppJrTrainerF,23,Tangela,29
OppJrTrainerF,24,Tentacool,30
OppJrTrainerF,24,Horsea,30
OppJrTrainerF,24,Seel,30
OppPokemaniac,1,Rhyhorn,30
OppPokemaniac,1,Lickitung,30
OppPokemaniac,2,Cubone,20
OppPokemaniac,2,Slowpoke,20
OppPokemaniac,3,Slowpoke,20
OppPokemaniac,3,Slowpoke,20
OppPokemaniac,3,Slowpoke,20
OppPokemaniac,4,Charmander,22
OppPokemaniac,4,Cubone,22
OppPokemaniac,5,Slowpoke,25
OppPokemaniac,6,Charmeleon,40
OppPokemaniac,6,Lapras,40
OppPokemaniac,6,Lickitung,40
OppPokemaniac,7,Cubone,23
OppPokemaniac,7,Slowpoke,23
OppSuperNerd,1,Magnemite,11
OppSuperNerd,1,Voltorb,11
OppSuperNerd,2,Grimer,12
OppSuperNerd,2,Voltorb,12
OppSuperNerd,2,Koffing,12
OppSuperNerd,3,Voltorb,20
OppSuperNerd,3,Koffing,20
OppSuperNerd,3,Voltorb,20
OppSuperNerd,3,Magnemite,20
OppSuperNerd,4,Grimer,22
OppSuperNerd,4,Muk,22
OppSuperNerd,4,Grimer,22
OppSuperNerd,5,Koffing,26
OppSuperNerd,6,Koffing,22
OppSuperNerd,6,Magnemite,22
OppSuperNerd,6,Weezing,22
OppSuperNerd,7,Magnemite,20
OppSuperNerd,7,Magnemite,20
OppSuperNerd,7,Koffing,20
OppSuperNerd,7,Magnemite,20
OppSuperNerd,8,Magnemite,24
OppSuperNerd,8,Voltorb,24
OppSuperNerd,9,Vulpix,36
OppSuperNerd,9,Vulpix,36
OppSuperNerd,9,Ninetales,36
OppSuperNerd,10,Ponyta,34
OppSuperNerd,10,Charmander,34
OppSuperNerd,10,Vulpix,34
OppSuperNerd,10,Growlithe,34
OppSuperNerd,11,Rapidash,41
OppSuperNerd,12,Growlithe,37
OppSuperNerd,12,Vulpix,37
OppHiker,1,Geodude,10
OppHiker,1,Geodude,10
OppHiker,1,Onix,10
OppHiker,2,Machop,15
OppHiker,2,Geodude,15
OppHiker,3,Geodude,13
OppHiker,3,Geodude,13
OppHiker,3,Machop,13
OppHiker,3,Geodude,13
OppHiker,4,Onix,17
OppHiker,5,Geodude,21
OppHiker,5,Onix,21
OppHiker,6,Geodude,20
OppHiker,6,Machop,20
OppHiker,6,Geodude,20
OppHiker,7,Geodude,21
OppHiker,7,Onix,21
OppHiker,8,Onix,19
OppHiker,8,Graveler,19
OppHiker,9,Geodude,21
OppHiker,9,Geodude,21
OppHiker,9,Graveler,21
OppHiker,10,Geodude,25
OppHiker,11,Machop,20
OppHiker,11,Onix,20
OppHiker,12,Geodude,19
OppHiker,12,Machop,19
OppHiker,12,Geodude,19
OppHiker,12,Geodude,19
OppHiker,13,Onix,20
OppHiker,13,Onix,20
OppHiker,13,Geodude,20
OppHiker,14,Geodude,21
OppHiker,14,Graveler,21
OppBiker,1,Koffing,28
OppBiker,1,Koffing,28
OppBiker,1,Koffing,28
OppBiker,2,Koffing,29
OppBiker,2,Grimer,29
OppBiker,3,Koffing,25
OppBiker,3,Koffing,25
OppBiker,3,Weezing,25
OppBiker,3,Koffing,25
OppBiker,3,Grimer,25
OppBiker,4,Koffing,28
OppBiker,4,Grimer,28
OppBiker,4,Weezing,28
OppBiker,5,Grimer,29
OppBiker,5,Koffing,29
OppBiker,6,Weezing,33
OppBiker,7,Grimer,26
OppBiker,7,Grimer,26
OppBiker,7,Grimer,26
OppBiker,7,Grimer,26
OppBiker,8,Weezing,28
OppBiker,8,Koffing,28
OppBiker,8,Weezing,28
OppBiker,9,Muk,33
OppBiker,10,Voltorb,29
OppBiker,10,Voltorb,29
OppBiker,11,Weezing,29
OppBiker,11,Muk,29
OppBiker,12,Koffing,25
OppBiker,12,Weezing,25
OppBiker,12,Koffing,25
OppBiker,12,Koffing,25
OppBiker,12,Weezing,25
OppBiker,13,Koffing,26
OppBiker,13,Koffing,26
OppBiker,13,Grimer,26
OppBiker,13,Koffing,26
OppBiker,14,Grimer,28
OppBiker,14,Grimer,28
OppBiker,14,Koffing,28
OppBiker,15,Koffing,29
OppBiker,15,Muk,29
OppBurglar,1,Growlithe,29
OppBurglar,1,Vulpix,29
OppBurglar,2,Growlithe,33
OppBurglar,3,Vulpix,28
OppBurglar,3,Charmander,28
OppBurglar,3,Ponyta,28
OppBurglar,4,Growlithe,36
OppBurglar,4,Vulpix,36
OppBurglar,4,Ninetales,36
OppBurglar,5,Ponyta,41
OppBurglar,6,Vulpix,37
OppBurglar,6,Growlithe,37
OppBurglar,7,Charmander,34
OppBurglar,7,Charmeleon,34
OppBurglar,8,Ninetales,38
OppBurglar,9,Growlithe,34
OppBurglar,9,Ponyta,34
OppEngineer,1,Voltorb,21
OppEngineer,1,Magnemite,21
OppEngineer,2,Magnemite,21
OppEngineer,3,Magnemite,18
OppEngineer,3,Magnemite,18
OppEngineer,3,Magneton,18
OppFisher,1,Goldeen,17
OppFisher,1,Tentacool,17
OppFisher,1,Goldeen,17
OppFisher,2,Tentacool,17
OppFisher,2,Staryu,17
OppFisher,2,Shellder,17
OppFisher,3,Goldeen,22
OppFisher,3,Poliwag,22
OppFisher,3,Goldeen,22
OppFisher,4,Tentacool,24
OppFisher,4,Goldeen,24
OppFisher,5,Goldeen,27
OppFisher,6,Poliwag,21
OppFisher,6,Shellder,21
OppFisher,6,Goldeen,21
OppFisher,6,Horsea,21
OppFisher,7,Seaking,28
OppFisher,7,Goldeen,28
OppFisher,7,Seaking,28
OppFisher,7,Seaking,28
OppFisher,8,Shellder,31
OppFisher,8,Cloyster,31
OppFisher,9,Magikarp,27
OppFisher,9,Magikarp,27
OppFisher,9,Magikarp,27
OppFisher,9,Magikarp,27
OppFisher,9,Magikarp,27
OppFisher,9,Magikarp,27
OppFisher,10,Seaking,33
OppFisher,10,Goldeen,33
OppFisher,11,Magikarp,24
OppFisher,11,Magikarp,24
OppSwimmer,1,Horsea,16
OppSwimmer,1,Shellder,16
OppSwimmer,2,Tentacool,30
OppSwimmer,2,Shellder,30
OppSwimmer,3,Goldeen,29
OppSwimmer,3,Horsea,29
OppSwimmer,3,Staryu,29
OppSwimmer,4,Poliwag,30
OppSwimmer,4,Poliwhirl,30
OppSwimmer,5,Horsea,27
OppSwimmer,5,Tentacool,27
OppSwimmer,5,Tentacool,27
OppSwimmer,5,Goldeen,27
OppSwimmer,6,Goldeen,29
OppSwimmer,6,Shellder,29
OppSwimmer,6,Seaking,29
OppSwimmer,7,Horsea,30
OppSwimmer,7,Horsea,30
OppSwimmer,8,Tentacool,27
OppSwimmer,8,Tentacool,27
OppSwimmer,8,Staryu,27
OppSwimmer,8,Horsea,27
OppSwimmer,8,Tentacruel,27
OppSwimmer,9,Shellder,31
OppSwimmer,9,Cloyster,31
OppSwimmer,10,Staryu,35
OppSwimmer,11,Horsea,28
OppSwimmer,11,Horsea,28
OppSwimmer,11,Seadra,28
OppSwimmer,11,Horsea,28
OppSwimmer,12,Seadra,33
OppSwimmer,12,Tentacruel,33
OppSwimmer,13,Starmie,37
OppSwimmer,14,Staryu,33
OppSwimmer,14,Wartortle,33
OppSwimmer,15,Poliwhirl,32
OppSwimmer,15,Tentacool,32
OppSwimmer,15,Seadra,32
OppCueBall,1,Machop,28
OppCueBall,1,Mankey,28
OppCueBall,1,Machop,28
OppCueBall,2,Mankey,29
OppCueBall,2,Machop,29
OppCueBall,3,Machop,33
OppCueBall,4,Mankey,29
OppCueBall,4,Primeape,29
OppCueBall,5,Machop,29
OppCueBall,5,Machoke,29
OppCueBall,6,Machoke,33
OppCueBall,7,Mankey,26
OppCueBall,7,Mankey,26
OppCueBall,7,Machoke,26
OppCueBall,7,Machop,26
OppCueBall,8,Primeape,29
OppCueBall,8,Machoke,29
OppCueBall,9,Tentacool,31
OppCueBall,9,Tentacool,31
OppCueBall,9,Tentacruel,31
OppGambler,1,Poliwag,18
OppGambler,1,Horsea,18
OppGambler,2,Bellsprout,18
OppGambler,2,Oddish,18
OppGambler,3,Voltorb,18
OppGambler,3,Magnemite,18
OppGambler,4,Growlithe,18
OppGambler,4,Vulpix,18
OppGambler,5,Poliwag,22
OppGambler,5,Poliwag,22
OppGambler,5,Poliwhirl,22
OppGambler,6,Onix,22
OppGambler,6,Geodude,22
OppGambler,6,Graveler,22
OppGambler,7,Growlithe,24
OppGambler,7,Vulpix,24
OppBeauty,1,Oddish,21
OppBeauty,1,Bellsprout,21
OppBeauty,1,Oddish,21
OppBeauty,1,Bellsprout,21
OppBeauty,2,Bellsprout,24
OppBeauty,2,Bellsprout,24
OppBeauty,3,Exeggcute,26
OppBeauty,4,Rattata,27
OppBeauty,4,Pikachu,27
OppBeauty,4,Rattata,27
OppBeauty,5,Clefairy,29
OppBeauty,5,Meowth,29
OppBeauty,6,Seaking,35
OppBeauty,7,Shellder,30
OppBeauty,7,Shellder,30
OppBeauty,7,Cloyster,30
OppBeauty,8,Poliwag,31
OppBeauty,8,Seaking,31
OppBeauty,9,Pidgeotto,29
OppBeauty,9,Wigglytuff,29
OppBeauty,10,Bulbasaur,29
OppBeauty,10,Ivysaur,29
OppBeauty,11,Weepinbell,33
OppBeauty,11,Bellsprout,33
OppBeauty,11,Weepinbell,33
OppBeauty,12,Poliwag,27
OppBeauty,12,Goldeen,27
OppBeauty,12,Seaking,27
OppBeauty,12,Goldeen,27
OppBeauty,12,Poliwag,27
OppBeauty,13,Goldeen,30
OppBeauty,13,Seaking,30
OppBeauty,14,Staryu,29
OppBeauty,14,Staryu,29
OppBeauty,14,Staryu,29
OppBeauty,15,Seadra,30
OppBeauty,15,Horsea,30
OppBeauty,15,Seadra,30
OppPsychicTr,1,Kadabra,31
OppPsychicTr,1,Slowpoke,31
OppPsychicTr,1,MrMime,31
OppPsychicTr,1,Kadabra,31
OppPsychicTr,2,MrMime,34
OppPsychicTr,2,Kadabra,34
OppPsychicTr,3,Slowpoke,33
OppPsychicTr,3,Slowpoke,33
OppPsychicTr,3,Slowbro,33
OppPsychicTr,4,Slowbro,38
OppRocker,1,Voltorb,20
OppRocker,1,Magnemite,20
OppRocker,1,Voltorb,20
OppRocker,2,Voltorb,29
OppRocker,2,Electrode,29
OppJuggler,1,Kadabra,29
OppJuggler,1,MrMime,29
OppJuggler,2,Drowzee,41
OppJuggler,2,Hypno,41
OppJuggler,2,Kadabra,41
OppJuggler,2,Kadabra,41
OppJuggler,3,Drowzee,31
OppJuggler,3,Drowzee,31
OppJuggler,3,Kadabra,31
OppJuggler,3,Drowzee,31
OppJuggler,4,Drowzee,34
OppJuggler,4,Hypno,34
OppJuggler,5,MrMime,48
OppJuggler,6,Hypno,33
OppJuggler,7,Hypno,38
OppJuggler,8,Drowzee,34
OppJuggler,8,Kadabra,34
OppTamer,1,Sandslash,34
OppTamer,1,Arbok,34
OppTamer,2,Arbok,33
OppTamer,2,Sandslash,33
OppTamer,2,Arbok,33
OppTamer,3,Rhyhorn,43
OppTamer,4,Arbok,39
OppTamer,4,Tauros,39
OppTamer,5,Persian,44
OppTamer,5,Golduck,44
OppTamer,6,Rhyhorn,42
OppTamer,6,Primeape,42
OppTamer,6,Arbok,42
OppTamer,6,Tauros,42
OppBirdKeeper,1,Pidgey,29
OppBirdKeeper,1,Pidgeotto,29
OppBirdKeeper,2,Spearow,25
OppBirdKeeper,2,Pidgey,25
OppBirdKeeper,2,Pidgey,25
OppBirdKeeper,2,Spearow,25
OppBirdKeeper,2,Spearow,25
OppBirdKeeper,3,Pidgey,26
OppBirdKeeper,3,Pidgeotto,26
OppBirdKeeper,3,Spearow,26
OppBirdKeeper,3,Fearow,26
OppBirdKeeper,4,Farfetchd,33
OppBirdKeeper,5,Spearow,29
OppBirdKeeper,5,Fearow,29
OppBirdKeeper,6,Pidgeotto,26
OppBirdKeeper,6,Farfetchd,26
OppBirdKeeper,6,Doduo,26
OppBirdKeeper,6,Pidgey,26
OppBirdKeeper,7,Dodrio,28
OppBirdKeeper,7,Doduo,28
OppBirdKeeper,7,Doduo,28
OppBirdKeeper,8,Spearow,29
OppBirdKeeper,8,Fearow,29
OppBirdKeeper,9,Dodrio,34
OppBirdKeeper,10,Spearow,26
OppBirdKeeper,10,Spearow,26
OppBirdKeeper,10,Fearow,26
OppBirdKeeper,10,Spearow,26
OppBirdKeeper,11,Fearow,30
OppBirdKeeper,11,Fearow,30
OppBirdKeeper,11,Pidgeotto,30
OppBirdKeeper,12,Pidgeotto,39
OppBirdKeeper,12,Pidgeotto,39
OppBirdKeeper,12,Pidgey,39
OppBirdKeeper,12,Pidgeotto,39
OppBirdKeeper,13,Farfetchd,42
OppBirdKeeper,13,Fearow,42
OppBirdKeeper,14,Pidgey,28
OppBirdKeeper,14,Doduo,28
OppBirdKeeper,14,Pidgeotto,28
OppBirdKeeper,15,Pidgey,26
OppBirdKeeper,15,Spearow,26
OppBirdKeeper,15,Pidgey,26
OppBirdKeeper,15,Fearow,26
OppBirdKeeper,16,Pidgeotto,29
OppBirdKeeper,16,Fearow,29
OppBirdKeeper,17,Spearow,28
OppBirdKeeper,17,Doduo,28
OppBirdKeeper,17,Fearow,28
OppBlackbelt,1,Hitmonlee,37
OppBlackbelt,1,Hitmonchan,37
OppBlackbelt,2,Mankey,31
OppBlackbelt,2,Mankey,31
OppBlackbelt,2,Primeape,31
OppBlackbelt,3,Machop,32
OppBlackbelt,3,Machoke,32
OppBlackbelt,4,Primeape,36
OppBlackbelt,5,Machop,31
OppBlackbelt,5,Mankey,31
OppBlackbelt,5,Primeape,31
OppBlackbelt,6,Machop,40
OppBlackbelt,6,Machoke,40
OppBlackbelt,7,Machoke,43
OppBlackbelt,8,Machoke,38
OppBlackbelt,8,Machop,38
OppBlackbelt,8,Machoke,38
OppBlackbelt,9,Machoke,43
OppBlackbelt,9,Machop,43
OppBlackbelt,9,Machoke,43
OppSony1,1,Squirtle,5
OppSony1,2,Bulbasaur,5
OppSony1,3,Charmander,5
OppSony1,4,Pidgey,9
OppSony1,4,Squirtle,8
OppSony1,5,Pidgey,9
OppSony1,5,Bulbasaur,8
OppSony1,6,Pidgey,9
OppSony1,6,Charmander,8
OppSony1,7,Pidgeotto,18
OppSony1,7,Abra,15
OppSony1,7,Rattata,15
OppSony1,7,Squirtle,17
OppSony1,8,Pidgeotto,18
OppSony1,8,Abra,15
OppSony1,8,Rattata,15
OppSony1,8,Bulbasaur,17
OppSony1,9,Pidgeotto,18
OppSony1,9,Abra,15
OppSony1,9,Rattata,15
OppSony1,9,Charmander,17
OppProfOak,1,Tauros,66
OppProfOak,1,Exeggutor,67
OppProfOak,1,Arcanine,68
OppProfOak,1,Blastoise,69
OppProfOak,1,Gyarados,70
OppProfOak,2,Tauros,66
OppProfOak,2,Exeggutor,67
OppProfOak,2,Arcanine,68
OppProfOak,2,Venusaur,69
OppProfOak,2,Gyarados,70
OppProfOak,3,Tauros,66
OppProfOak,3,Exeggutor,67
OppProfOak,3,Arcanine,68
OppProfOak,3,Charizard,69
OppProfOak,3,Gyarados,70
OppScientist,1,Koffing,34
OppScientist,1,Voltorb,34
OppScientist,2,Grimer,26
OppScientist,2,Weezing,26
OppScientist,2,Koffing,26
OppScientist,2,Weezing,26
OppScientist,3,Magnemite,28
OppScientist,3,Voltorb,28
OppScientist,3,Magneton,28
OppScientist,4,Electrode,29
OppScientist,4,Weezing,29
OppScientist,5,Electrode,33
OppScientist,6,Magneton,26
OppScientist,6,Koffing,26
OppScientist,6,Weezing,26
OppScientist,6,Magnemite,26
OppScientist,7,Voltorb,25
OppScientist,7,Koffing,25
OppScientist,7,Magneton,25
OppScientist,7,Magnemite,25
OppScientist,7,Koffing,25
OppScientist,8,Electrode,29
OppScientist,8,Muk,29
OppScientist,9,Grimer,29
OppScientist,9,Electrode,29
OppScientist,10,Voltorb,28
OppScientist,10,Koffing,28
OppScientist,10,Magneton,28
OppScientist,11,Magnemite,29
OppScientist,11,Koffing,29
OppScientist,12,Magnemite,33
OppScientist,12,Magneton,33
OppScientist,12,Voltorb,33
OppScientist,13,Magnemite,34
OppScientist,13,Electrode,34
OppGiovanni,1,Onix,25
OppGiovanni,1,Rhyhorn,24
OppGiovanni,1,Kangaskhan,29
OppGiovanni,2,Nidorino,37
OppGiovanni,2,Kangaskhan,35
OppGiovanni,2,Rhyhorn,37
OppGiovanni,2,Nidoqueen,41
OppGiovanni,3,Rhyhorn,45
OppGiovanni,3,Dugtrio,42
OppGiovanni,3,Nidoqueen,44
OppGiovanni,3,Nidoking,45
OppGiovanni,3,Rhydon,50
OppRocket,1,Rattata,13
OppRocket,1,Zubat,13
OppRocket,2,Sandshrew,11
OppRocket,2,Rattata,11
OppRocket,2,Zubat,11
OppRocket,3,Zubat,12
OppRocket,3,Ekans,12
OppRocket,4,Raticate,16
OppRocket,5,Machop,17
OppRocket,5,Drowzee,17
OppRocket,6,Ekans,15
OppRocket,6,Zubat,15
OppRocket,7,Raticate,20
OppRocket,7,Zubat,20
OppRocket,8,Drowzee,21
OppRocket,8,Machop,21
OppRocket,9,Raticate,21
OppRocket,9,Raticate,21
OppRocket,10,Grimer,20
OppRocket,10,Koffing,20
OppRocket,10,Koffing,20
OppRocket,11,Rattata,19
OppRocket,11,Raticate,19
OppRocket,11,Raticate,19
OppRocket,11,Rattata,19
OppRocket,12,Grimer,22
OppRocket,12,Koffing,22
OppRocket,13,Zubat,17
OppRocket,13,Koffing,17
OppRocket,13,Grimer,17
OppRocket,13,Zubat,17
OppRocket,13,Raticate,17
OppRocket,14,Rattata,20
OppRocket,14,Raticate,20
OppRocket,14,Drowzee,20
OppRocket,15,Machop,21
OppRocket,15,Machop,21
OppRocket,16,Sandshrew,23
OppRocket,16,Ekans,23
OppRocket,16,Sandslash,23
OppRocket,17,Ekans,23
OppRocket,17,Sandshrew,23
OppRocket,17,Arbok,23
OppRocket,18,Koffing,21
OppRocket,18,Zubat,21
OppRocket,19,Zubat,25
OppRocket,19,Zubat,25
OppRocket,19,Golbat,25
OppRocket,20,Koffing,26
OppRocket,20,Drowzee,26
OppRocket,21,Zubat,23
OppRocket,21,Rattata,23
OppRocket,21,Raticate,23
OppRocket,21,Zubat,23
OppRocket,22,Drowzee,26
OppRocket,22,Koffing,26
OppRocket,23,Cubone,29
OppRocket,23,Zubat,29
OppRocket,24,Golbat,25
OppRocket,24,Zubat,25
OppRocket,24,Zubat,25
OppRocket,24,Raticate,25
OppRocket,24,Zubat,25
OppRocket,25,Raticate,28
OppRocket,25,Hypno,28
OppRocket,25,Raticate,28
OppRocket,26,Machop,29
OppRocket,26,Drowzee,29
OppRocket,27,Ekans,28
OppRocket,27,Zubat,28
OppRocket,27,Cubone,28
OppRocket,28,Arbok,33
OppRocket,29,Hypno,33
OppRocket,30,Machop,29
OppRocket,30,Machoke,29
OppRocket,31,Zubat,28
OppRocket,31,Zubat,28
OppRocket,31,Golbat,28
OppRocket,32,Raticate,26
OppRocket,32,Arbok,26
OppRocket,32,Koffing,26
OppRocket,32,Golbat,26
OppRocket,33,Cubone,29
OppRocket,33,Cubone,29
OppRocket,34,Sandshrew,29
OppRocket,34,Sandslash,29
OppRocket,35,Raticate,26
OppRocket,35,Zubat,26
OppRocket,35,Golbat,26
OppRocket,35,Rattata,26
OppRocket,36,Weezing,28
OppRocket,36,Golbat,28
OppRocket,36,Koffing,28
OppRocket,37,Drowzee,28
OppRocket,37,Grimer,28
OppRocket,37,Machop,28
OppRocket,38,Golbat,28
OppRocket,38,Drowzee,28
OppRocket,38,Hypno,28
OppRocket,39,Machoke,33
OppRocket,40,Rattata,25
OppRocket,40,Rattata,25
OppRocket,40,Zubat,25
OppRocket,40,Rattata,25
OppRocket,40,Ekans,25
OppRocket,41,Cubone,32
OppRocket,41,Drowzee,32
OppRocket,41,Marowak,32
OppCooltrainerM,1,Nidorino,39
OppCooltrainerM,1,Nidoking,39
OppCooltrainerM,2,Exeggutor,43
OppCooltrainerM,2,Cloyster,43
OppCooltrainerM,2,Arcanine,43
OppCooltrainerM,3,Kingler,43
OppCooltrainerM,3,Tentacruel,43
OppCooltrainerM,3,Blastoise,43
OppCooltrainerM,4,Kingler,45
OppCooltrainerM,4,Starmie,45
OppCooltrainerM,5,Ivysaur,42
OppCooltrainerM,5,Wartortle,42
OppCooltrainerM,5,Charmeleon,42
OppCooltrainerM,5,Charizard,42
OppCooltrainerM,6,Ivysaur,44
OppCooltrainerM,6,Wartortle,44
OppCooltrainerM,6,Charmeleon,44
OppCooltrainerM,7,Nidoking,49
OppCooltrainerM,8,Kingler,44
OppCooltrainerM,8,Cloyster,44
OppCooltrainerM,9,Sandslash,39
OppCooltrainerM,9,Dugtrio,39
OppCooltrainerM,10,Rhyhorn,43
OppCooltrainerF,1,Weepinbell,24
OppCooltrainerF,1,Gloom,24
OppCooltrainerF,1,Ivysaur,24
OppCooltrainerF,2,Bellsprout,43
OppCooltrainerF,2,Weepinbell,43
OppCooltrainerF,2,Victreebel,43
OppCooltrainerF,3,Parasect,43
OppCooltrainerF,3,Dewgong,43
OppCooltrainerF,3,Chansey,43
OppCooltrainerF,4,Vileplume,46
OppCooltrainerF,4,Butterfree,46
OppCooltrainerF,5,Persian,44
OppCooltrainerF,5,Ninetales,44
OppCooltrainerF,6,Ivysaur,45
OppCooltrainerF,6,Venusaur,45
OppCooltrainerF,7,Nidorina,45
OppCooltrainerF,7,Nidoqueen,45
OppCooltrainerF,8,Persian,43
OppCooltrainerF,8,Ninetales,43
OppCooltrainerF,8,Raichu,43
OppBruno,1,Onix,53
OppBruno,1,Hitmonchan,55
OppBruno,1,Hitmonlee,55
OppBruno,1,Onix,56
OppBruno,1,Machamp,58
OppBrock,1,Geodude,12
OppBrock,1,Onix,14
OppMisty,1,Staryu,18
OppMisty,1,Starmie,21
OppLtSurge,1,Voltorb,21
OppLtSurge,1,Pikachu,18
OppLtSurge,1,Raichu,24
OppErika,1,Victreebel,29
OppErika,1,Tangela,24
OppErika,1,Vileplume,29
OppKoga,1,Koffing,37
OppKoga,1,Muk,39
OppKoga,1,Koffing,37
OppKoga,1,Weezing,43
OppBlaine,1,Growlithe,42
OppBlaine,1,Ponyta,40
OppBlaine,1,Rapidash,42
OppBlaine,1,Arcanine,47
OppSabrina,1,Kadabra,38
OppSabrina,1,MrMime,37
OppSabrina,1,Venomoth,38
OppSabrina,1,Alakazam,43
OppGentleman,1,Growlithe,18
OppGentleman,1,Growlithe,18
OppGentleman,2,NidoranMale,19
OppGentleman,2,NidoranFemale,19
OppGentleman,3,Pikachu,23
OppGentleman,4,Primeape,48
OppGentleman,5,Growlithe,17
OppGentleman,5,Ponyta,17
OppSony2,1,Pidgeotto,19
OppSony2,1,Raticate,16
OppSony2,1,Kadabra,18
OppSony2,1,Wartortle,20
OppSony2,2,Pidgeotto,19
OppSony2,2,Raticate,16
OppSony2,2,Kadabra,18
OppSony2,2,Ivysaur,20
OppSony2,3,Pidgeotto,19
OppSony2,3,Raticate,16
OppSony2,3,Kadabra,18
OppSony2,3,Charmeleon,20
OppSony2,4,Pidgeotto,25
OppSony2,4,Growlithe,23
OppSony2,4,Exeggcute,22
OppSony2,4,Kadabra,20
OppSony2,4,Wartortle,25
OppSony2,5,Pidgeotto,25
OppSony2,5,Gyarados,23
OppSony2,5,Growlithe,22
OppSony2,5,Kadabra,20
OppSony2,5,Ivysaur,25
OppSony2,6,Pidgeotto,25
OppSony2,6,Exeggcute,23
OppSony2,6,Gyarados,22
OppSony2,6,Kadabra,20
OppSony2,6,Charmeleon,25
OppSony2,7,Pidgeot,37
OppSony2,7,Growlithe,38
OppSony2,7,Exeggcute,35
OppSony2,7,Alakazam,35
OppSony2,7,Blastoise,40
OppSony2,8,Pidgeot,37
OppSony2,8,Gyarados,38
OppSony2,8,Growlithe,35
OppSony2,8,Alakazam,35
OppSony2,8,Venusaur,40
OppSony2,9,Pidgeot,37
OppSony2,9,Exeggcute,38
OppSony2,9,Gyarados,35
OppSony2,9,Alakazam,35
OppSony2,9,Charizard,40
OppSony2,10,Pidgeot,47
OppSony2,10,Rhyhorn,45
OppSony2,10,Growlithe,45
OppSony2,10,Exeggcute,47
OppSony2,10,Alakazam,50
OppSony2,10,Blastoise,53
OppSony2,11,Pidgeot,47
OppSony2,11,Rhyhorn,45
OppSony2,11,Gyarados,45
OppSony2,11,Growlithe,47
OppSony2,11,Alakazam,50
OppSony2,11,Venusaur,53
OppSony2,12,Pidgeot,47
OppSony2,12,Rhyhorn,45
OppSony2,12,Exeggcute,45
OppSony2,12,Gyarados,47
OppSony2,12,Alakazam,50
OppSony2,12,Charizard,53
OppSony3,1,Pidgeot,61
OppSony3,1,Alakazam,59
OppSony3,1,Rhydon,61
OppSony3,1,Arcanine,61
OppSony3,1,Exeggutor,63
OppSony3,1,Blastoise,65
OppSony3,2,Pidgeot,61
OppSony3,2,Alakazam,59
OppSony3,2,Rhydon,61
OppSony3,2,Gyarados,61
OppSony3,2,Arcanine,63
OppSony3,2,Venusaur,65
OppSony3,3,Pidgeot,61
OppSony3,3,Alakazam,59
OppSony3,3,Rhydon,61
OppSony3,3,Exeggutor,61
OppSony3,3,Gyarados,63
OppSony3,3,Charizard,65
OppLorelei,1,Dewgong,54
OppLorelei,1,Cloyster,53
OppLorelei,1,Slowbro,54
OppLorelei,1,Jynx,56
OppLorelei,1,Lapras,56
OppChanneler,1,Gastly,22
OppChanneler,2,Gastly,24
OppChanneler,3,Gastly,23
OppChanneler,3,Gastly,23
OppChanneler,4,Gastly,24
OppChanneler,5,Gastly,23
OppChanneler,6,Gastly,24
OppChanneler,7,Haunter,24
OppChanneler,8,Gastly,22
OppChanneler,9,Gastly,24
OppChanneler,10,Gastly,23
OppChanneler,10,Gastly,23
OppChanneler,11,Gastly,24
OppChanneler,12,Gastly,22
OppChanneler,13,Gastly,24
OppChanneler,14,Haunter,23
OppChanneler,15,Gastly,24
OppChanneler,16,Gastly,22
OppChanneler,17,Gastly,24
OppChanneler,18,Haunter,22
OppChanneler,19,Gastly,22
OppChanneler,19,Gastly,22
OppChanneler,19,Gastly,22
OppChanneler,20,Gastly,24
OppChanneler,21,Gastly,24
OppChanneler,22,Gastly,34
OppChanneler,22,Haunter,34
OppChanneler,23,Haunter,38
OppChanneler,24,Gastly,33
OppChanneler,24,Gastly,33
OppChanneler,24,Haunter,33
OppAgatha,1,Gengar,56
OppAgatha,1,Golbat,56
OppAgatha,1,Haunter,55
OppAgatha,1,Arbok,58
OppAgatha,1,Gengar,60
OppLance,1,Gyarados,58
OppLance,1,Dragonair,56
OppLance,1,Dragonair,56
OppLance,1,Aerodactyl,60
OppLance,1,Dragonite,62
